{"frames":{"1":{"frame":{"x":243,"y":1652,"w":80,"h":80},"rotated":false,"trimmed":false,"spriteSourceSize":{"x":0,"y":0,"w":80,"h":80},"sourceSize":{"w":80,"h":80}},"2":{"frame":{"x":324,"y":1652,"w":80,"h":80},"rotated":false,"trimmed":false,"spriteSourceSize":{"x":0,"y":0,"w":80,"h":80},"sourceSize":{"w":80,"h":80}},"3":{"frame":{"x":405,"y":1652,"w":80,"h":80},"rotated":false,"trimmed":false,"spriteSourceSize":{"x":0,"y":0,"w":80,"h":80},"sourceSize":{"w":80,"h":80}},"4":{"frame":{"x":0,"y":1652,"w":80,"h":80},"rotated":false,"trimmed":false,"spriteSourceSize":{"x":0,"y":0,"w":80,"h":80},"sourceSize":{"w":80,"h":80}},"5":{"frame":{"x":81,"y":1652,"w":80,"h":80},"rotated":false,"trimmed":false,"spriteSourceSize":{"x":0,"y":0,"w":80,"h":80},"sourceSize":{"w":80,"h":80}},"6":{"frame":{"x":162,"y":1652,"w":80,"h":80},"rotated":false,"trimmed":false,"spriteSourceSize":{"x":0,"y":0,"w":80,"h":80},"sourceSize":{"w":80,"h":80}},"barrel0":{"frame":{"x":1654,"y":468,"w":116,"h":157},"rotated":false,"trimmed":false,"spriteSourceSize":{"x":0,"y":0,"w":116,"h":157},"sourceSize":{"w":116,"h":157}},"barrel1":{"frame":{"x":1413,"y":1406,"w":132,"h":164},"rotated":false,"trimmed":false,"spriteSourceSize":{"x":0,"y":0,"w":132,"h":164},"sourceSize":{"w":132,"h":164}},"barrel2":{"frame":{"x":1413,"y":0,"w":240,"h":131},"rotated":false,"trimmed":false,"spriteSourceSize":{"x":0,"y":0,"w":240,"h":131},"sourceSize":{"w":240,"h":131}},"bg1-part1":{"frame":{"x":0,"y":0,"w":470,"h":400},"rotated":false,"trimmed":false,"spriteSourceSize":{"x":0,"y":0,"w":470,"h":400},"sourceSize":{"w":470,"h":400}},"grass1":{"frame":{"x":1654,"y":0,"w":160,"h":292},"rotated":false,"trimmed":false,"spriteSourceSize":{"x":0,"y":0,"w":160,"h":292},"sourceSize":{"w":160,"h":292}},"grass2":{"frame":{"x":1654,"y":816,"w":89,"h":391},"rotated":false,"trimmed":false,"spriteSourceSize":{"x":0,"y":0,"w":89,"h":391},"sourceSize":{"w":89,"h":391}},"grass3":{"frame":{"x":1654,"y":1208,"w":89,"h":385},"rotated":false,"trimmed":false,"spriteSourceSize":{"x":0,"y":0,"w":89,"h":385},"sourceSize":{"w":89,"h":385}},"bubble-boom00":{"frame":{"x":1236,"y":1390,"w":122,"h":122},"rotated":false,"trimmed":false,"spriteSourceSize":{"x":0,"y":0,"w":122,"h":122},"sourceSize":{"w":122,"h":122}},"bg1-part3":{"frame":{"x":0,"y":401,"w":470,"h":400},"rotated":false,"trimmed":false,"spriteSourceSize":{"x":0,"y":0,"w":470,"h":400},"sourceSize":{"w":470,"h":400}},"bg1-part2":{"frame":{"x":471,"y":0,"w":470,"h":400},"rotated":false,"trimmed":false,"spriteSourceSize":{"x":0,"y":0,"w":470,"h":400},"sourceSize":{"w":470,"h":400}},"bg2-part3":{"frame":{"x":471,"y":401,"w":470,"h":400},"rotated":false,"trimmed":false,"spriteSourceSize":{"x":0,"y":0,"w":470,"h":400},"sourceSize":{"w":470,"h":400}},"bub5":{"frame":{"x":1546,"y":1406,"w":80,"h":117},"rotated":false,"trimmed":false,"spriteSourceSize":{"x":0,"y":0,"w":80,"h":117},"sourceSize":{"w":80,"h":117}},"bg3-part1":{"frame":{"x":942,"y":0,"w":470,"h":278},"rotated":false,"trimmed":false,"spriteSourceSize":{"x":0,"y":0,"w":470,"h":278},"sourceSize":{"w":470,"h":278}},"bg3-part2":{"frame":{"x":942,"y":279,"w":470,"h":278},"rotated":false,"trimmed":false,"spriteSourceSize":{"x":0,"y":0,"w":470,"h":278},"sourceSize":{"w":470,"h":278}},"bg3-part3":{"frame":{"x":942,"y":558,"w":470,"h":278},"rotated":false,"trimmed":false,"spriteSourceSize":{"x":0,"y":0,"w":470,"h":278},"sourceSize":{"w":470,"h":278}},"bubble-boom3":{"frame":{"x":1237,"y":1203,"w":122,"h":122},"rotated":false,"trimmed":false,"spriteSourceSize":{"x":0,"y":0,"w":122,"h":122},"sourceSize":{"w":122,"h":122}},"bg2-part2":{"frame":{"x":0,"y":802,"w":470,"h":400},"rotated":false,"trimmed":false,"spriteSourceSize":{"x":0,"y":0,"w":470,"h":400},"sourceSize":{"w":470,"h":400}},"bg2-part1":{"frame":{"x":471,"y":802,"w":470,"h":400},"rotated":false,"trimmed":false,"spriteSourceSize":{"x":0,"y":0,"w":470,"h":400},"sourceSize":{"w":470,"h":400}},"shadowBarrel":{"frame":{"x":1236,"y":1519,"w":132,"h":27},"rotated":false,"trimmed":false,"spriteSourceSize":{"x":0,"y":0,"w":132,"h":27},"sourceSize":{"w":132,"h":27}},"bubble-boom2":{"frame":{"x":1237,"y":1024,"w":122,"h":122},"rotated":false,"trimmed":false,"spriteSourceSize":{"x":0,"y":0,"w":122,"h":122},"sourceSize":{"w":122,"h":122}},"rock1":{"frame":{"x":1413,"y":1188,"w":194,"h":114},"rotated":false,"trimmed":false,"spriteSourceSize":{"x":0,"y":0,"w":194,"h":114},"sourceSize":{"w":194,"h":114}},"rock2":{"frame":{"x":1413,"y":132,"w":213,"h":196},"rotated":false,"trimmed":false,"spriteSourceSize":{"x":0,"y":0,"w":213,"h":196},"sourceSize":{"w":213,"h":196}},"rock3":{"frame":{"x":1413,"y":1113,"w":195,"h":74},"rotated":false,"trimmed":false,"spriteSourceSize":{"x":0,"y":0,"w":195,"h":74},"sourceSize":{"w":195,"h":74}},"rock4":{"frame":{"x":1413,"y":1303,"w":179,"h":102},"rotated":false,"trimmed":false,"spriteSourceSize":{"x":0,"y":0,"w":179,"h":102},"sourceSize":{"w":179,"h":102}},"rock5":{"frame":{"x":1413,"y":474,"w":204,"h":314},"rotated":false,"trimmed":false,"spriteSourceSize":{"x":0,"y":0,"w":204,"h":314},"sourceSize":{"w":204,"h":314}},"rock6":{"frame":{"x":1413,"y":789,"w":201,"h":323},"rotated":false,"trimmed":false,"spriteSourceSize":{"x":0,"y":0,"w":201,"h":323},"sourceSize":{"w":201,"h":323}},"rock7":{"frame":{"x":1531,"y":1571,"w":110,"h":71},"rotated":false,"trimmed":false,"spriteSourceSize":{"x":0,"y":0,"w":110,"h":71},"sourceSize":{"w":110,"h":71}},"rock8":{"frame":{"x":1413,"y":329,"w":209,"h":144},"rotated":false,"trimmed":false,"spriteSourceSize":{"x":0,"y":0,"w":209,"h":144},"sourceSize":{"w":209,"h":144}},"rock9":{"frame":{"x":0,"y":1390,"w":350,"h":261},"rotated":false,"trimmed":false,"spriteSourceSize":{"x":0,"y":0,"w":350,"h":261},"sourceSize":{"w":350,"h":261}},"prach1":{"frame":{"x":1236,"y":1547,"w":117,"h":80},"rotated":false,"trimmed":false,"spriteSourceSize":{"x":0,"y":0,"w":117,"h":80},"sourceSize":{"w":117,"h":80}},"prach2":{"frame":{"x":1413,"y":1571,"w":117,"h":80},"rotated":false,"trimmed":false,"spriteSourceSize":{"x":0,"y":0,"w":117,"h":80},"sourceSize":{"w":117,"h":80}},"void":{"frame":{"x":486,"y":1718,"w":1,"h":1},"rotated":false,"trimmed":false,"spriteSourceSize":{"x":0,"y":0,"w":1,"h":1},"sourceSize":{"w":1,"h":1}},"sand-part3":{"frame":{"x":942,"y":837,"w":470,"h":186},"rotated":false,"trimmed":false,"spriteSourceSize":{"x":0,"y":0,"w":470,"h":186},"sourceSize":{"w":470,"h":186}},"shark_-2":{"frame":{"x":351,"y":1390,"w":294,"h":128},"rotated":false,"trimmed":false,"spriteSourceSize":{"x":0,"y":0,"w":294,"h":128},"sourceSize":{"w":294,"h":128}},"sand-part1":{"frame":{"x":0,"y":1203,"w":470,"h":186},"rotated":false,"trimmed":false,"spriteSourceSize":{"x":0,"y":0,"w":470,"h":186},"sourceSize":{"w":470,"h":186}},"sand-part2":{"frame":{"x":471,"y":1203,"w":470,"h":186},"rotated":false,"trimmed":false,"spriteSourceSize":{"x":0,"y":0,"w":470,"h":186},"sourceSize":{"w":470,"h":186}},"trava1":{"frame":{"x":1654,"y":293,"w":125,"h":174},"rotated":false,"trimmed":false,"spriteSourceSize":{"x":0,"y":0,"w":125,"h":174},"sourceSize":{"w":125,"h":174}},"trava2":{"frame":{"x":1654,"y":626,"w":96,"h":189},"rotated":false,"trimmed":false,"spriteSourceSize":{"x":0,"y":0,"w":96,"h":189},"sourceSize":{"w":96,"h":189}},"shark-Zp":{"frame":{"x":486,"y":1652,"w":43,"h":65},"rotated":false,"trimmed":false,"spriteSourceSize":{"x":0,"y":0,"w":43,"h":65},"sourceSize":{"w":43,"h":65}},"shark-dead":{"frame":{"x":351,"y":1519,"w":294,"h":128},"rotated":false,"trimmed":false,"spriteSourceSize":{"x":0,"y":0,"w":294,"h":128},"sourceSize":{"w":294,"h":128}},"shark-0":{"frame":{"x":646,"y":1519,"w":294,"h":128},"rotated":false,"trimmed":false,"spriteSourceSize":{"x":0,"y":0,"w":294,"h":128},"sourceSize":{"w":294,"h":128}},"shark-Pp":{"frame":{"x":530,"y":1652,"w":30,"h":42},"rotated":false,"trimmed":false,"spriteSourceSize":{"x":0,"y":0,"w":30,"h":42},"sourceSize":{"w":30,"h":42}},"shark-2":{"frame":{"x":941,"y":1519,"w":294,"h":128},"rotated":false,"trimmed":false,"spriteSourceSize":{"x":0,"y":0,"w":294,"h":128},"sourceSize":{"w":294,"h":128}},"shark-00":{"frame":{"x":646,"y":1390,"w":294,"h":128},"rotated":false,"trimmed":false,"spriteSourceSize":{"x":0,"y":0,"w":294,"h":128},"sourceSize":{"w":294,"h":128}},"shark-a1":{"frame":{"x":941,"y":1390,"w":294,"h":128},"rotated":false,"trimmed":false,"spriteSourceSize":{"x":0,"y":0,"w":294,"h":128},"sourceSize":{"w":294,"h":128}},"shark-a2":{"frame":{"x":942,"y":1203,"w":294,"h":128},"rotated":false,"trimmed":false,"spriteSourceSize":{"x":0,"y":0,"w":294,"h":128},"sourceSize":{"w":294,"h":128}},"shark-a3":{"frame":{"x":942,"y":1024,"w":294,"h":128},"rotated":false,"trimmed":false,"spriteSourceSize":{"x":0,"y":0,"w":294,"h":128},"sourceSize":{"w":294,"h":128}}},"meta":{"app":"https://www.leshylabs.com/apps/sstool/","version":"Leshy SpriteSheet Tool v0.8.4","image":"spritesheet5.png","size":{"w":1814,"h":1732},"scale":1}}