{"frames":{"potapac3":{"frame":{"x":115,"y":1736,"w":91,"h":20},"rotated":false,"trimmed":false,"spriteSourceSize":{"x":0,"y":0,"w":91,"h":20},"sourceSize":{"w":91,"h":20}},"shark_-2":{"frame":{"x":0,"y":683,"w":514,"h":427},"rotated":false,"trimmed":false,"spriteSourceSize":{"x":0,"y":0,"w":514,"h":427},"sourceSize":{"w":514,"h":427}},"void":{"frame":{"x":115,"y":1767,"w":1,"h":1},"rotated":false,"trimmed":false,"spriteSourceSize":{"x":0,"y":0,"w":1,"h":1},"sourceSize":{"w":1,"h":1}},"shark-Pp":{"frame":{"x":0,"y":1613,"w":114,"h":158},"rotated":false,"trimmed":false,"spriteSourceSize":{"x":0,"y":0,"w":114,"h":158},"sourceSize":{"w":114,"h":158}},"splash1":{"frame":{"x":492,"y":1539,"w":190,"h":60},"rotated":false,"trimmed":false,"spriteSourceSize":{"x":0,"y":0,"w":190,"h":60},"sourceSize":{"w":190,"h":60}},"splash2":{"frame":{"x":683,"y":1539,"w":190,"h":60},"rotated":false,"trimmed":false,"spriteSourceSize":{"x":0,"y":0,"w":190,"h":60},"sourceSize":{"w":190,"h":60}},"splash4":{"frame":{"x":115,"y":1757,"w":27,"h":9},"rotated":false,"trimmed":false,"spriteSourceSize":{"x":0,"y":0,"w":27,"h":9},"sourceSize":{"w":27,"h":9}},"big-gun":{"frame":{"x":1206,"y":1613,"w":47,"h":75},"rotated":false,"trimmed":false,"spriteSourceSize":{"x":0,"y":0,"w":47,"h":75},"sourceSize":{"w":47,"h":75}},"splash3":{"frame":{"x":874,"y":1539,"w":190,"h":60},"rotated":false,"trimmed":false,"spriteSourceSize":{"x":0,"y":0,"w":190,"h":60},"sourceSize":{"w":190,"h":60}},"big-gun1":{"frame":{"x":0,"y":1539,"w":247,"h":73},"rotated":false,"trimmed":false,"spriteSourceSize":{"x":0,"y":0,"w":247,"h":73},"sourceSize":{"w":247,"h":73}},"shark-Zp":{"frame":{"x":515,"y":683,"w":177,"h":213},"rotated":false,"trimmed":false,"spriteSourceSize":{"x":0,"y":0,"w":177,"h":213},"sourceSize":{"w":177,"h":213}},"blood1":{"frame":{"x":248,"y":1539,"w":243,"h":73},"rotated":false,"trimmed":false,"spriteSourceSize":{"x":0,"y":0,"w":243,"h":73},"sourceSize":{"w":243,"h":73}},"shark-00":{"frame":{"x":761,"y":0,"w":514,"h":427},"rotated":false,"trimmed":false,"spriteSourceSize":{"x":0,"y":0,"w":514,"h":427},"sourceSize":{"w":514,"h":427}},"shark-0":{"frame":{"x":761,"y":428,"w":514,"h":427},"rotated":false,"trimmed":false,"spriteSourceSize":{"x":0,"y":0,"w":514,"h":427},"sourceSize":{"w":514,"h":427}},"cursor-tutorial":{"frame":{"x":607,"y":1613,"w":110,"h":110},"rotated":false,"trimmed":false,"spriteSourceSize":{"x":0,"y":0,"w":110,"h":110},"sourceSize":{"w":110,"h":110}},"shark-2":{"frame":{"x":0,"y":1111,"w":514,"h":427},"rotated":false,"trimmed":false,"spriteSourceSize":{"x":0,"y":0,"w":514,"h":427},"sourceSize":{"w":514,"h":427}},"shark-a1":{"frame":{"x":515,"y":1111,"w":514,"h":427},"rotated":false,"trimmed":false,"spriteSourceSize":{"x":0,"y":0,"w":514,"h":427},"sourceSize":{"w":514,"h":427}},"shark-a2":{"frame":{"x":1276,"y":0,"w":514,"h":427},"rotated":false,"trimmed":false,"spriteSourceSize":{"x":0,"y":0,"w":514,"h":427},"sourceSize":{"w":514,"h":427}},"cursor-tutorial-klik ":{"frame":{"x":718,"y":1613,"w":110,"h":110},"rotated":false,"trimmed":false,"spriteSourceSize":{"x":0,"y":0,"w":110,"h":110},"sourceSize":{"w":110,"h":110}},"dash-part":{"frame":{"x":0,"y":466,"w":707,"h":87},"rotated":false,"trimmed":false,"spriteSourceSize":{"x":0,"y":0,"w":707,"h":87},"sourceSize":{"w":707,"h":87}},"explos1":{"frame":{"x":115,"y":1613,"w":122,"h":122},"rotated":false,"trimmed":false,"spriteSourceSize":{"x":0,"y":0,"w":122,"h":122},"sourceSize":{"w":122,"h":122}},"bubble-is-bubble2":{"frame":{"x":930,"y":1613,"w":97,"h":96},"rotated":false,"trimmed":false,"spriteSourceSize":{"x":0,"y":0,"w":97,"h":96},"sourceSize":{"w":97,"h":96}},"blood2":{"frame":{"x":1030,"y":1238,"w":243,"h":101},"rotated":false,"trimmed":false,"spriteSourceSize":{"x":0,"y":0,"w":243,"h":101},"sourceSize":{"w":243,"h":101}},"blood3":{"frame":{"x":1030,"y":1111,"w":243,"h":126},"rotated":false,"trimmed":false,"spriteSourceSize":{"x":0,"y":0,"w":243,"h":126},"sourceSize":{"w":243,"h":126}},"dash1":{"frame":{"x":761,"y":856,"w":404,"h":231},"rotated":false,"trimmed":false,"spriteSourceSize":{"x":0,"y":0,"w":404,"h":231},"sourceSize":{"w":404,"h":231}},"bubble-is-bubble":{"frame":{"x":1254,"y":1613,"w":71,"h":72},"rotated":false,"trimmed":false,"spriteSourceSize":{"x":0,"y":0,"w":71,"h":72},"sourceSize":{"w":71,"h":72}},"bubble-is-bubble3":{"frame":{"x":829,"y":1613,"w":100,"h":98},"rotated":false,"trimmed":false,"spriteSourceSize":{"x":0,"y":0,"w":100,"h":98},"sourceSize":{"w":100,"h":98}},"hand-tutorial":{"frame":{"x":1030,"y":1340,"w":160,"h":182},"rotated":false,"trimmed":false,"spriteSourceSize":{"x":0,"y":0,"w":160,"h":182},"sourceSize":{"w":160,"h":182}},"gunfire1":{"frame":{"x":207,"y":1736,"w":24,"h":18},"rotated":false,"trimmed":false,"spriteSourceSize":{"x":0,"y":0,"w":24,"h":18},"sourceSize":{"w":24,"h":18}},"shark-a3":{"frame":{"x":1276,"y":428,"w":514,"h":427},"rotated":false,"trimmed":false,"spriteSourceSize":{"x":0,"y":0,"w":514,"h":427},"sourceSize":{"w":514,"h":427}},"lod-1tien":{"frame":{"x":1276,"y":1400,"w":305,"h":95},"rotated":false,"trimmed":false,"spriteSourceSize":{"x":0,"y":0,"w":305,"h":95},"sourceSize":{"w":305,"h":95}},"lod-1":{"frame":{"x":1276,"y":1284,"w":305,"h":115},"rotated":false,"trimmed":false,"spriteSourceSize":{"x":0,"y":0,"w":305,"h":115},"sourceSize":{"w":305,"h":115}},"explos3":{"frame":{"x":238,"y":1613,"w":122,"h":122},"rotated":false,"trimmed":false,"spriteSourceSize":{"x":0,"y":0,"w":122,"h":122},"sourceSize":{"w":122,"h":122}},"lod-3tien":{"frame":{"x":0,"y":554,"w":687,"h":128},"rotated":false,"trimmed":false,"spriteSourceSize":{"x":0,"y":0,"w":687,"h":128},"sourceSize":{"w":687,"h":128}},"potapac1":{"frame":{"x":1326,"y":1613,"w":63,"h":39},"rotated":false,"trimmed":false,"spriteSourceSize":{"x":0,"y":0,"w":63,"h":39},"sourceSize":{"w":63,"h":39}},"poison1":{"frame":{"x":1028,"y":1613,"w":88,"h":88},"rotated":false,"trimmed":false,"spriteSourceSize":{"x":0,"y":0,"w":88,"h":88},"sourceSize":{"w":88,"h":88}},"explos2":{"frame":{"x":361,"y":1613,"w":122,"h":122},"rotated":false,"trimmed":false,"spriteSourceSize":{"x":0,"y":0,"w":122,"h":122},"sourceSize":{"w":122,"h":122}},"explos4":{"frame":{"x":484,"y":1613,"w":122,"h":122},"rotated":false,"trimmed":false,"spriteSourceSize":{"x":0,"y":0,"w":122,"h":122},"sourceSize":{"w":122,"h":122}},"poison2":{"frame":{"x":1117,"y":1613,"w":88,"h":88},"rotated":false,"trimmed":false,"spriteSourceSize":{"x":0,"y":0,"w":88,"h":88},"sourceSize":{"w":88,"h":88}},"shark-dead":{"frame":{"x":1276,"y":856,"w":514,"h":427},"rotated":false,"trimmed":false,"spriteSourceSize":{"x":0,"y":0,"w":514,"h":427},"sourceSize":{"w":514,"h":427}},"hand-tutorial-klik":{"frame":{"x":515,"y":897,"w":160,"h":182},"rotated":false,"trimmed":false,"spriteSourceSize":{"x":0,"y":0,"w":160,"h":182},"sourceSize":{"w":160,"h":182}},"potapac2":{"frame":{"x":1326,"y":1653,"w":43,"h":26},"rotated":false,"trimmed":false,"spriteSourceSize":{"x":0,"y":0,"w":43,"h":26},"sourceSize":{"w":43,"h":26}},"lod-3":{"frame":{"x":0,"y":0,"w":760,"h":232},"rotated":false,"trimmed":false,"spriteSourceSize":{"x":0,"y":0,"w":760,"h":232},"sourceSize":{"w":760,"h":232}},"lod-3d":{"frame":{"x":0,"y":233,"w":760,"h":232},"rotated":false,"trimmed":false,"spriteSourceSize":{"x":0,"y":0,"w":760,"h":232},"sourceSize":{"w":760,"h":232}}},"meta":{"app":"https://www.leshylabs.com/apps/sstool/","version":"Leshy SpriteSheet Tool v0.8.4","image":"spritesheet8.png","size":{"w":1790,"h":1771},"scale":1}}