{"frames":{"2":{"frame":{"x":905,"y":460,"w":250,"h":90},"rotated":false,"trimmed":false,"spriteSourceSize":{"x":0,"y":0,"w":250,"h":90},"sourceSize":{"w":250,"h":90}},"rock3":{"frame":{"x":471,"y":1315,"w":223,"h":202},"rotated":false,"trimmed":false,"spriteSourceSize":{"x":0,"y":0,"w":223,"h":202},"sourceSize":{"w":223,"h":202}},"rock4":{"frame":{"x":471,"y":743,"w":212,"h":328},"rotated":false,"trimmed":false,"spriteSourceSize":{"x":0,"y":0,"w":212,"h":328},"sourceSize":{"w":212,"h":328}},"rock5":{"frame":{"x":744,"y":644,"w":373,"h":272},"rotated":false,"trimmed":false,"spriteSourceSize":{"x":0,"y":0,"w":373,"h":272},"sourceSize":{"w":373,"h":272}},"rock6":{"frame":{"x":905,"y":551,"w":194,"h":78},"rotated":false,"trimmed":false,"spriteSourceSize":{"x":0,"y":0,"w":194,"h":78},"sourceSize":{"w":194,"h":78}},"rock7":{"frame":{"x":1660,"y":0,"w":125,"h":69},"rotated":false,"trimmed":false,"spriteSourceSize":{"x":0,"y":0,"w":125,"h":69},"sourceSize":{"w":125,"h":69}},"rock8":{"frame":{"x":942,"y":1094,"w":194,"h":113},"rotated":false,"trimmed":false,"spriteSourceSize":{"x":0,"y":0,"w":194,"h":113},"sourceSize":{"w":194,"h":113}},"rock9":{"frame":{"x":471,"y":392,"w":224,"h":320},"rotated":false,"trimmed":false,"spriteSourceSize":{"x":0,"y":0,"w":224,"h":320},"sourceSize":{"w":224,"h":320}},"ruka1":{"frame":{"x":191,"y":1717,"w":26,"h":16},"rotated":false,"trimmed":false,"spriteSourceSize":{"x":0,"y":0,"w":26,"h":16},"sourceSize":{"w":26,"h":16}},"sand1-part1":{"frame":{"x":0,"y":1094,"w":470,"h":220},"rotated":false,"trimmed":false,"spriteSourceSize":{"x":0,"y":0,"w":470,"h":220},"sourceSize":{"w":470,"h":220}},"sand1-part2":{"frame":{"x":471,"y":1094,"w":470,"h":220},"rotated":false,"trimmed":false,"spriteSourceSize":{"x":0,"y":0,"w":470,"h":220},"sourceSize":{"w":470,"h":220}},"sand1-part3":{"frame":{"x":0,"y":1315,"w":470,"h":220},"rotated":false,"trimmed":false,"spriteSourceSize":{"x":0,"y":0,"w":470,"h":220},"sourceSize":{"w":470,"h":220}},"sand2-part1":{"frame":{"x":0,"y":392,"w":470,"h":350},"rotated":false,"trimmed":false,"spriteSourceSize":{"x":0,"y":0,"w":470,"h":350},"sourceSize":{"w":470,"h":350}},"sand2-part2":{"frame":{"x":0,"y":743,"w":470,"h":350},"rotated":false,"trimmed":false,"spriteSourceSize":{"x":0,"y":0,"w":470,"h":350},"sourceSize":{"w":470,"h":350}},"sand2-part3":{"frame":{"x":744,"y":0,"w":470,"h":350},"rotated":false,"trimmed":false,"spriteSourceSize":{"x":0,"y":0,"w":470,"h":350},"sourceSize":{"w":470,"h":350}},"sand-part1":{"frame":{"x":0,"y":1536,"w":470,"h":180},"rotated":false,"trimmed":false,"spriteSourceSize":{"x":0,"y":0,"w":470,"h":180},"sourceSize":{"w":470,"h":180}},"sand-part2":{"frame":{"x":471,"y":1536,"w":470,"h":180},"rotated":false,"trimmed":false,"spriteSourceSize":{"x":0,"y":0,"w":470,"h":180},"sourceSize":{"w":470,"h":180}},"sand-part3":{"frame":{"x":942,"y":1536,"w":470,"h":180},"rotated":false,"trimmed":false,"spriteSourceSize":{"x":0,"y":0,"w":470,"h":180},"sourceSize":{"w":470,"h":180}},"shark_-2":{"frame":{"x":1215,"y":0,"w":444,"h":190},"rotated":false,"trimmed":false,"spriteSourceSize":{"x":0,"y":0,"w":444,"h":190},"sourceSize":{"w":444,"h":190}},"shark-00":{"frame":{"x":1215,"y":191,"w":444,"h":190},"rotated":false,"trimmed":false,"spriteSourceSize":{"x":0,"y":0,"w":444,"h":190},"sourceSize":{"w":444,"h":190}},"shark-0":{"frame":{"x":1215,"y":382,"w":444,"h":190},"rotated":false,"trimmed":false,"spriteSourceSize":{"x":0,"y":0,"w":444,"h":190},"sourceSize":{"w":444,"h":190}},"shark-2":{"frame":{"x":1215,"y":573,"w":444,"h":190},"rotated":false,"trimmed":false,"spriteSourceSize":{"x":0,"y":0,"w":444,"h":190},"sourceSize":{"w":444,"h":190}},"shark-a1":{"frame":{"x":1215,"y":764,"w":444,"h":190},"rotated":false,"trimmed":false,"spriteSourceSize":{"x":0,"y":0,"w":444,"h":190},"sourceSize":{"w":444,"h":190}},"shark-a2":{"frame":{"x":1215,"y":955,"w":444,"h":190},"rotated":false,"trimmed":false,"spriteSourceSize":{"x":0,"y":0,"w":444,"h":190},"sourceSize":{"w":444,"h":190}},"shark-a3":{"frame":{"x":1215,"y":1146,"w":444,"h":190},"rotated":false,"trimmed":false,"spriteSourceSize":{"x":0,"y":0,"w":444,"h":190},"sourceSize":{"w":444,"h":190}},"shark-dead":{"frame":{"x":1215,"y":1337,"w":444,"h":190},"rotated":false,"trimmed":false,"spriteSourceSize":{"x":0,"y":0,"w":444,"h":190},"sourceSize":{"w":444,"h":190}},"shark-Pp":{"frame":{"x":1094,"y":1208,"w":60,"h":65},"rotated":false,"trimmed":false,"spriteSourceSize":{"x":0,"y":0,"w":60,"h":65},"sourceSize":{"w":60,"h":65}},"shark-Zp":{"frame":{"x":1539,"y":1536,"w":78,"h":150},"rotated":false,"trimmed":false,"spriteSourceSize":{"x":0,"y":0,"w":78,"h":150},"sourceSize":{"w":78,"h":150}},"trava1":{"frame":{"x":1413,"y":1536,"w":125,"h":174},"rotated":false,"trimmed":false,"spriteSourceSize":{"x":0,"y":0,"w":125,"h":174},"sourceSize":{"w":125,"h":174}},"trava2":{"frame":{"x":1114,"y":1315,"w":56,"h":141},"rotated":false,"trimmed":false,"spriteSourceSize":{"x":0,"y":0,"w":56,"h":141},"sourceSize":{"w":56,"h":141}},"trava3":{"frame":{"x":695,"y":1315,"w":104,"h":200},"rotated":false,"trimmed":false,"spriteSourceSize":{"x":0,"y":0,"w":104,"h":200},"sourceSize":{"w":104,"h":200}},"trava4":{"frame":{"x":800,"y":1315,"w":96,"h":189},"rotated":false,"trimmed":false,"spriteSourceSize":{"x":0,"y":0,"w":96,"h":189},"sourceSize":{"w":96,"h":189}},"ziara0":{"frame":{"x":180,"y":0,"w":155,"h":355},"rotated":false,"trimmed":false,"spriteSourceSize":{"x":0,"y":0,"w":155,"h":355},"sourceSize":{"w":155,"h":355}},"ziara1":{"frame":{"x":336,"y":0,"w":135,"h":355},"rotated":false,"trimmed":false,"spriteSourceSize":{"x":0,"y":0,"w":135,"h":355},"sourceSize":{"w":135,"h":355}},"ziara2":{"frame":{"x":472,"y":0,"w":135,"h":355},"rotated":false,"trimmed":false,"spriteSourceSize":{"x":0,"y":0,"w":135,"h":355},"sourceSize":{"w":135,"h":355}},"ziara3":{"frame":{"x":608,"y":0,"w":135,"h":355},"rotated":false,"trimmed":false,"spriteSourceSize":{"x":0,"y":0,"w":135,"h":355},"sourceSize":{"w":135,"h":355}},"clovek1":{"frame":{"x":1020,"y":1208,"w":73,"h":103},"rotated":false,"trimmed":false,"spriteSourceSize":{"x":0,"y":0,"w":73,"h":103},"sourceSize":{"w":73,"h":103}},"clovek2":{"frame":{"x":942,"y":1208,"w":77,"h":104},"rotated":false,"trimmed":false,"spriteSourceSize":{"x":0,"y":0,"w":77,"h":104},"sourceSize":{"w":77,"h":104}},"decor7":{"frame":{"x":744,"y":917,"w":366,"h":167},"rotated":false,"trimmed":false,"spriteSourceSize":{"x":0,"y":0,"w":366,"h":167},"sourceSize":{"w":366,"h":167}},"grass1":{"frame":{"x":744,"y":351,"w":160,"h":292},"rotated":false,"trimmed":false,"spriteSourceSize":{"x":0,"y":0,"w":160,"h":292},"sourceSize":{"w":160,"h":292}},"grass2":{"frame":{"x":0,"y":0,"w":89,"h":391},"rotated":false,"trimmed":false,"spriteSourceSize":{"x":0,"y":0,"w":89,"h":391},"sourceSize":{"w":89,"h":391}},"grass3":{"frame":{"x":90,"y":0,"w":89,"h":385},"rotated":false,"trimmed":false,"spriteSourceSize":{"x":0,"y":0,"w":89,"h":385},"sourceSize":{"w":89,"h":385}},"ostep":{"frame":{"x":1618,"y":1536,"w":10,"h":128},"rotated":false,"trimmed":false,"spriteSourceSize":{"x":0,"y":0,"w":10,"h":128},"sourceSize":{"w":10,"h":128}},"pltka":{"frame":{"x":0,"y":1717,"w":190,"h":44},"rotated":false,"trimmed":false,"spriteSourceSize":{"x":0,"y":0,"w":190,"h":44},"sourceSize":{"w":190,"h":44}},"rock1":{"frame":{"x":897,"y":1315,"w":216,"h":152},"rotated":false,"trimmed":false,"spriteSourceSize":{"x":0,"y":0,"w":216,"h":152},"sourceSize":{"w":216,"h":152}},"rock2":{"frame":{"x":905,"y":351,"w":187,"h":108},"rotated":false,"trimmed":false,"spriteSourceSize":{"x":0,"y":0,"w":187,"h":108},"sourceSize":{"w":187,"h":108}}},"meta":{"app":"https://www.leshylabs.com/apps/sstool/","version":"Leshy SpriteSheet Tool v0.8.4","image":"spritesheet.png","size":{"w":1785,"h":1761},"scale":1}}