{"frames":{"back2":{"frame":{"x":924,"y":992,"w":82,"h":83},"rotated":false,"trimmed":false,"spriteSourceSize":{"x":0,"y":0,"w":82,"h":83},"sourceSize":{"w":82,"h":83}},"ilustrácia":{"frame":{"x":414,"y":616,"w":406,"h":493},"rotated":false,"trimmed":false,"spriteSourceSize":{"x":0,"y":0,"w":406,"h":493},"sourceSize":{"w":406,"h":493}},"lvl-2s":{"frame":{"x":970,"y":1312,"w":132,"h":42},"rotated":false,"trimmed":false,"spriteSourceSize":{"x":0,"y":0,"w":132,"h":42},"sourceSize":{"w":132,"h":42}},"blood-off":{"frame":{"x":924,"y":889,"w":82,"h":83},"rotated":false,"trimmed":false,"spriteSourceSize":{"x":0,"y":0,"w":82,"h":83},"sourceSize":{"w":82,"h":83}},"blood-on2":{"frame":{"x":903,"y":802,"w":82,"h":83},"rotated":false,"trimmed":false,"spriteSourceSize":{"x":0,"y":0,"w":82,"h":83},"sourceSize":{"w":82,"h":83}},"blood-off2":{"frame":{"x":1253,"y":1132,"w":82,"h":83},"rotated":false,"trimmed":false,"spriteSourceSize":{"x":0,"y":0,"w":82,"h":83},"sourceSize":{"w":82,"h":83}},"blood-on":{"frame":{"x":1336,"y":1132,"w":82,"h":83},"rotated":false,"trimmed":false,"spriteSourceSize":{"x":0,"y":0,"w":82,"h":83},"sourceSize":{"w":82,"h":83}},"info":{"frame":{"x":1290,"y":1002,"w":82,"h":83},"rotated":false,"trimmed":false,"spriteSourceSize":{"x":0,"y":0,"w":82,"h":83},"sourceSize":{"w":82,"h":83}},"info2":{"frame":{"x":1373,"y":1002,"w":82,"h":83},"rotated":false,"trimmed":false,"spriteSourceSize":{"x":0,"y":0,"w":82,"h":83},"sourceSize":{"w":82,"h":83}},"info_butt2":{"frame":{"x":903,"y":616,"w":92,"h":92},"rotated":false,"trimmed":false,"spriteSourceSize":{"x":0,"y":0,"w":92,"h":92},"sourceSize":{"w":92,"h":92}},"info_butt":{"frame":{"x":903,"y":709,"w":92,"h":92},"rotated":false,"trimmed":false,"spriteSourceSize":{"x":0,"y":0,"w":92,"h":92},"sourceSize":{"w":92,"h":92}},"inlogic-logo":{"frame":{"x":382,"y":1427,"w":154,"h":116},"rotated":false,"trimmed":false,"spriteSourceSize":{"x":0,"y":0,"w":154,"h":116},"sourceSize":{"w":154,"h":116}},"lose":{"frame":{"x":1009,"y":330,"w":451,"h":274},"rotated":false,"trimmed":false,"spriteSourceSize":{"x":0,"y":0,"w":451,"h":274},"sourceSize":{"w":451,"h":274}},"lvl-5s":{"frame":{"x":842,"y":1312,"w":127,"h":81},"rotated":false,"trimmed":false,"spriteSourceSize":{"x":0,"y":0,"w":127,"h":81},"sourceSize":{"w":127,"h":81}},"lvl-1":{"frame":{"x":704,"y":1312,"w":137,"h":81},"rotated":false,"trimmed":false,"spriteSourceSize":{"x":0,"y":0,"w":137,"h":81},"sourceSize":{"w":137,"h":81}},"lvl-1s":{"frame":{"x":1342,"y":1427,"w":113,"h":36},"rotated":false,"trimmed":false,"spriteSourceSize":{"x":0,"y":0,"w":113,"h":36},"sourceSize":{"w":113,"h":36}},"lvl-2":{"frame":{"x":547,"y":1312,"w":156,"h":88},"rotated":false,"trimmed":false,"spriteSourceSize":{"x":0,"y":0,"w":156,"h":88},"sourceSize":{"w":156,"h":88}},"lvl2-shark":{"frame":{"x":692,"y":1427,"w":190,"h":78},"rotated":false,"trimmed":false,"spriteSourceSize":{"x":0,"y":0,"w":190,"h":78},"sourceSize":{"w":190,"h":78}},"lvl2":{"frame":{"x":883,"y":1427,"w":190,"h":78},"rotated":false,"trimmed":false,"spriteSourceSize":{"x":0,"y":0,"w":190,"h":78},"sourceSize":{"w":190,"h":78}},"lvl3":{"frame":{"x":1009,"y":872,"w":280,"h":129},"rotated":false,"trimmed":false,"spriteSourceSize":{"x":0,"y":0,"w":280,"h":129},"sourceSize":{"w":280,"h":129}},"lvl3-shark":{"frame":{"x":1009,"y":1002,"w":280,"h":129},"rotated":false,"trimmed":false,"spriteSourceSize":{"x":0,"y":0,"w":280,"h":129},"sourceSize":{"w":280,"h":129}},"lvl-3":{"frame":{"x":392,"y":1312,"w":154,"h":95},"rotated":false,"trimmed":false,"spriteSourceSize":{"x":0,"y":0,"w":154,"h":95},"sourceSize":{"w":154,"h":95}},"lvl-4":{"frame":{"x":537,"y":1427,"w":154,"h":112},"rotated":false,"trimmed":false,"spriteSourceSize":{"x":0,"y":0,"w":154,"h":112},"sourceSize":{"w":154,"h":112}},"lvl4":{"frame":{"x":782,"y":1110,"w":190,"h":136},"rotated":false,"trimmed":false,"spriteSourceSize":{"x":0,"y":0,"w":190,"h":136},"sourceSize":{"w":190,"h":136}},"lvl-4s":{"frame":{"x":1074,"y":1427,"w":133,"h":77},"rotated":false,"trimmed":false,"spriteSourceSize":{"x":0,"y":0,"w":133,"h":77},"sourceSize":{"w":133,"h":77}},"lvl4-shark":{"frame":{"x":1238,"y":605,"w":190,"h":136},"rotated":false,"trimmed":false,"spriteSourceSize":{"x":0,"y":0,"w":190,"h":136},"sourceSize":{"w":190,"h":136}},"lvl-5":{"frame":{"x":244,"y":1312,"w":147,"h":114},"rotated":false,"trimmed":false,"spriteSourceSize":{"x":0,"y":0,"w":147,"h":114},"sourceSize":{"w":147,"h":114}},"maxim":{"frame":{"x":1290,"y":872,"w":82,"h":83},"rotated":false,"trimmed":false,"spriteSourceSize":{"x":0,"y":0,"w":82,"h":83},"sourceSize":{"w":82,"h":83}},"lvl5-shark":{"frame":{"x":0,"y":1427,"w":190,"h":136},"rotated":false,"trimmed":false,"spriteSourceSize":{"x":0,"y":0,"w":190,"h":136},"sourceSize":{"w":190,"h":136}},"lvl5":{"frame":{"x":191,"y":1427,"w":190,"h":136},"rotated":false,"trimmed":false,"spriteSourceSize":{"x":0,"y":0,"w":190,"h":136},"sourceSize":{"w":190,"h":136}},"maxim2":{"frame":{"x":1373,"y":872,"w":82,"h":83},"rotated":false,"trimmed":false,"spriteSourceSize":{"x":0,"y":0,"w":82,"h":83},"sourceSize":{"w":82,"h":83}},"menu2":{"frame":{"x":1238,"y":742,"w":82,"h":83},"rotated":false,"trimmed":false,"spriteSourceSize":{"x":0,"y":0,"w":82,"h":83},"sourceSize":{"w":82,"h":83}},"menu":{"frame":{"x":1321,"y":742,"w":82,"h":83},"rotated":false,"trimmed":false,"spriteSourceSize":{"x":0,"y":0,"w":82,"h":83},"sourceSize":{"w":82,"h":83}},"minim2":{"frame":{"x":1461,"y":0,"w":82,"h":83},"rotated":false,"trimmed":false,"spriteSourceSize":{"x":0,"y":0,"w":82,"h":83},"sourceSize":{"w":82,"h":83}},"minim":{"frame":{"x":1461,"y":84,"w":82,"h":83},"rotated":false,"trimmed":false,"spriteSourceSize":{"x":0,"y":0,"w":82,"h":83},"sourceSize":{"w":82,"h":83}},"music_off":{"frame":{"x":1461,"y":168,"w":82,"h":83},"rotated":false,"trimmed":false,"spriteSourceSize":{"x":0,"y":0,"w":82,"h":83},"sourceSize":{"w":82,"h":83}},"menu-deco":{"frame":{"x":1009,"y":605,"w":228,"h":266},"rotated":false,"trimmed":false,"spriteSourceSize":{"x":0,"y":0,"w":228,"h":266},"sourceSize":{"w":228,"h":266}},"music_on":{"frame":{"x":1461,"y":252,"w":82,"h":83},"rotated":false,"trimmed":false,"spriteSourceSize":{"x":0,"y":0,"w":82,"h":83},"sourceSize":{"w":82,"h":83}},"music_off2":{"frame":{"x":1461,"y":336,"w":82,"h":83},"rotated":false,"trimmed":false,"spriteSourceSize":{"x":0,"y":0,"w":82,"h":83},"sourceSize":{"w":82,"h":83}},"music_on2":{"frame":{"x":1461,"y":420,"w":82,"h":83},"rotated":false,"trimmed":false,"spriteSourceSize":{"x":0,"y":0,"w":82,"h":83},"sourceSize":{"w":82,"h":83}},"particle-1":{"frame":{"x":692,"y":1506,"w":23,"h":23},"rotated":false,"trimmed":false,"spriteSourceSize":{"x":0,"y":0,"w":23,"h":23},"sourceSize":{"w":23,"h":23}},"pause2":{"frame":{"x":1461,"y":504,"w":82,"h":83},"rotated":false,"trimmed":false,"spriteSourceSize":{"x":0,"y":0,"w":82,"h":83},"sourceSize":{"w":82,"h":83}},"pause":{"frame":{"x":1461,"y":588,"w":82,"h":83},"rotated":false,"trimmed":false,"spriteSourceSize":{"x":0,"y":0,"w":82,"h":83},"sourceSize":{"w":82,"h":83}},"particle-2":{"frame":{"x":782,"y":1247,"w":22,"h":46},"rotated":false,"trimmed":false,"spriteSourceSize":{"x":0,"y":0,"w":22,"h":46},"sourceSize":{"w":22,"h":46}},"back":{"frame":{"x":1461,"y":672,"w":82,"h":83},"rotated":false,"trimmed":false,"spriteSourceSize":{"x":0,"y":0,"w":82,"h":83},"sourceSize":{"w":82,"h":83}},"repeat":{"frame":{"x":1461,"y":756,"w":82,"h":83},"rotated":false,"trimmed":false,"spriteSourceSize":{"x":0,"y":0,"w":82,"h":83},"sourceSize":{"w":82,"h":83}},"nazov":{"frame":{"x":414,"y":1110,"w":367,"h":183},"rotated":false,"trimmed":false,"spriteSourceSize":{"x":0,"y":0,"w":367,"h":183},"sourceSize":{"w":367,"h":183}},"lvl-3s":{"frame":{"x":1208,"y":1427,"w":133,"h":52},"rotated":false,"trimmed":false,"spriteSourceSize":{"x":0,"y":0,"w":133,"h":52},"sourceSize":{"w":133,"h":52}},"pause-win":{"frame":{"x":1009,"y":0,"w":451,"h":329},"rotated":false,"trimmed":false,"spriteSourceSize":{"x":0,"y":0,"w":451,"h":329},"sourceSize":{"w":451,"h":329}},"play":{"frame":{"x":821,"y":889,"w":102,"h":102},"rotated":false,"trimmed":false,"spriteSourceSize":{"x":0,"y":0,"w":102,"h":102},"sourceSize":{"w":102,"h":102}},"play2":{"frame":{"x":821,"y":992,"w":102,"h":102},"rotated":false,"trimmed":false,"spriteSourceSize":{"x":0,"y":0,"w":102,"h":102},"sourceSize":{"w":102,"h":102}},"repeat2":{"frame":{"x":1461,"y":840,"w":82,"h":83},"rotated":false,"trimmed":false,"spriteSourceSize":{"x":0,"y":0,"w":82,"h":83},"sourceSize":{"w":82,"h":83}},"info-screen":{"frame":{"x":0,"y":0,"w":1008,"h":615},"rotated":false,"trimmed":false,"spriteSourceSize":{"x":0,"y":0,"w":1008,"h":615},"sourceSize":{"w":1008,"h":615}},"sound-on":{"frame":{"x":1461,"y":924,"w":82,"h":83},"rotated":false,"trimmed":false,"spriteSourceSize":{"x":0,"y":0,"w":82,"h":83},"sourceSize":{"w":82,"h":83}},"sound-off":{"frame":{"x":1461,"y":1008,"w":82,"h":83},"rotated":false,"trimmed":false,"spriteSourceSize":{"x":0,"y":0,"w":82,"h":83},"sourceSize":{"w":82,"h":83}},"sound-off2":{"frame":{"x":1461,"y":1092,"w":82,"h":83},"rotated":false,"trimmed":false,"spriteSourceSize":{"x":0,"y":0,"w":82,"h":83},"sourceSize":{"w":82,"h":83}},"sound-on2":{"frame":{"x":1461,"y":1176,"w":82,"h":83},"rotated":false,"trimmed":false,"spriteSourceSize":{"x":0,"y":0,"w":82,"h":83},"sourceSize":{"w":82,"h":83}},"x":{"frame":{"x":1461,"y":1260,"w":82,"h":83},"rotated":false,"trimmed":false,"spriteSourceSize":{"x":0,"y":0,"w":82,"h":83},"sourceSize":{"w":82,"h":83}},"vyber-button":{"frame":{"x":1009,"y":1132,"w":243,"h":114},"rotated":false,"trimmed":false,"spriteSourceSize":{"x":0,"y":0,"w":243,"h":114},"sourceSize":{"w":243,"h":114}},"tabulka-vyber":{"frame":{"x":0,"y":616,"w":413,"h":695},"rotated":false,"trimmed":false,"spriteSourceSize":{"x":0,"y":0,"w":413,"h":695},"sourceSize":{"w":413,"h":695}},"x2":{"frame":{"x":1461,"y":1344,"w":82,"h":83},"rotated":false,"trimmed":false,"spriteSourceSize":{"x":0,"y":0,"w":82,"h":83},"sourceSize":{"w":82,"h":83}},"ziara-bg":{"frame":{"x":821,"y":616,"w":81,"h":272},"rotated":false,"trimmed":false,"spriteSourceSize":{"x":0,"y":0,"w":81,"h":272},"sourceSize":{"w":81,"h":272}},"vyber-button2":{"frame":{"x":0,"y":1312,"w":243,"h":114},"rotated":false,"trimmed":false,"spriteSourceSize":{"x":0,"y":0,"w":243,"h":114},"sourceSize":{"w":243,"h":114}}},"meta":{"app":"https://www.leshylabs.com/apps/sstool/","version":"Leshy SpriteSheet Tool v0.8.4","image":"spritesheet6.png","size":{"w":1543,"h":1563},"scale":1}}