{"frames":{"1":{"frame":{"x":1280,"y":1189,"w":80,"h":80},"rotated":false,"trimmed":false,"spriteSourceSize":{"x":0,"y":0,"w":80,"h":80},"sourceSize":{"w":80,"h":80}},"2":{"frame":{"x":963,"y":1039,"w":80,"h":80},"rotated":false,"trimmed":false,"spriteSourceSize":{"x":0,"y":0,"w":80,"h":80},"sourceSize":{"w":80,"h":80}},"3":{"frame":{"x":1280,"y":1108,"w":80,"h":80},"rotated":false,"trimmed":false,"spriteSourceSize":{"x":0,"y":0,"w":80,"h":80},"sourceSize":{"w":80,"h":80}},"4":{"frame":{"x":720,"y":1039,"w":80,"h":80},"rotated":false,"trimmed":false,"spriteSourceSize":{"x":0,"y":0,"w":80,"h":80},"sourceSize":{"w":80,"h":80}},"5":{"frame":{"x":801,"y":1039,"w":80,"h":80},"rotated":false,"trimmed":false,"spriteSourceSize":{"x":0,"y":0,"w":80,"h":80},"sourceSize":{"w":80,"h":80}},"6":{"frame":{"x":882,"y":1039,"w":80,"h":80},"rotated":false,"trimmed":false,"spriteSourceSize":{"x":0,"y":0,"w":80,"h":80},"sourceSize":{"w":80,"h":80}},"check2":{"frame":{"x":1122,"y":772,"w":149,"h":130},"rotated":false,"trimmed":false,"spriteSourceSize":{"x":0,"y":0,"w":149,"h":130},"sourceSize":{"w":149,"h":130}},"check-2":{"frame":{"x":1404,"y":0,"w":68,"h":96},"rotated":false,"trimmed":false,"spriteSourceSize":{"x":0,"y":0,"w":68,"h":96},"sourceSize":{"w":68,"h":96}},"check-3":{"frame":{"x":1404,"y":97,"w":68,"h":96},"rotated":false,"trimmed":false,"spriteSourceSize":{"x":0,"y":0,"w":68,"h":96},"sourceSize":{"w":68,"h":96}},"checkpoint":{"frame":{"x":373,"y":0,"w":223,"h":318},"rotated":false,"trimmed":false,"spriteSourceSize":{"x":0,"y":0,"w":223,"h":318},"sourceSize":{"w":223,"h":318}},"koral1":{"frame":{"x":218,"y":468,"w":189,"h":129},"rotated":false,"trimmed":false,"spriteSourceSize":{"x":0,"y":0,"w":189,"h":129},"sourceSize":{"w":189,"h":129}},"percenta0":{"frame":{"x":147,"y":1344,"w":116,"h":9},"rotated":false,"trimmed":false,"spriteSourceSize":{"x":0,"y":0,"w":116,"h":9},"sourceSize":{"w":116,"h":9}},"koral3":{"frame":{"x":1280,"y":502,"w":118,"h":123},"rotated":false,"trimmed":false,"spriteSourceSize":{"x":0,"y":0,"w":118,"h":123},"sourceSize":{"w":118,"h":123}},"koral6":{"frame":{"x":1280,"y":860,"w":91,"h":129},"rotated":false,"trimmed":false,"spriteSourceSize":{"x":0,"y":0,"w":91,"h":129},"sourceSize":{"w":91,"h":129}},"koral9":{"frame":{"x":497,"y":1265,"w":89,"h":58},"rotated":false,"trimmed":false,"spriteSourceSize":{"x":0,"y":0,"w":89,"h":58},"sourceSize":{"w":89,"h":58}},"koral4":{"frame":{"x":150,"y":1134,"w":131,"h":119},"rotated":false,"trimmed":false,"spriteSourceSize":{"x":0,"y":0,"w":131,"h":119},"sourceSize":{"w":131,"h":119}},"lod-bar2":{"frame":{"x":218,"y":430,"w":201,"h":18},"rotated":false,"trimmed":false,"spriteSourceSize":{"x":0,"y":0,"w":201,"h":18},"sourceSize":{"w":201,"h":18}},"lod-bar1":{"frame":{"x":696,"y":1265,"w":44,"h":33},"rotated":false,"trimmed":false,"spriteSourceSize":{"x":0,"y":0,"w":44,"h":33},"sourceSize":{"w":44,"h":33}},"percenta1":{"frame":{"x":147,"y":1354,"w":116,"h":9},"rotated":false,"trimmed":false,"spriteSourceSize":{"x":0,"y":0,"w":116,"h":9},"sourceSize":{"w":116,"h":9}},"prva-forma":{"frame":{"x":230,"y":1364,"w":70,"h":23},"rotated":false,"trimmed":false,"spriteSourceSize":{"x":0,"y":0,"w":70,"h":23},"sourceSize":{"w":70,"h":23}},"puff-2":{"frame":{"x":777,"y":1265,"w":31,"h":25},"rotated":false,"trimmed":false,"spriteSourceSize":{"x":0,"y":0,"w":31,"h":25},"sourceSize":{"w":31,"h":25}},"koral8":{"frame":{"x":774,"y":1134,"w":81,"h":59},"rotated":false,"trimmed":false,"spriteSourceSize":{"x":0,"y":0,"w":81,"h":59},"sourceSize":{"w":81,"h":59}},"rock4":{"frame":{"x":0,"y":138,"w":356,"h":195},"rotated":false,"trimmed":false,"spriteSourceSize":{"x":0,"y":0,"w":356,"h":195},"sourceSize":{"w":356,"h":195}},"banner1":{"frame":{"x":0,"y":334,"w":251,"h":49},"rotated":false,"trimmed":false,"spriteSourceSize":{"x":0,"y":0,"w":251,"h":49},"sourceSize":{"w":251,"h":49}},"banner2":{"frame":{"x":218,"y":408,"w":207,"h":21},"rotated":false,"trimmed":false,"spriteSourceSize":{"x":0,"y":0,"w":207,"h":21},"sourceSize":{"w":207,"h":21}},"banner3":{"frame":{"x":218,"y":384,"w":209,"h":23},"rotated":false,"trimmed":false,"spriteSourceSize":{"x":0,"y":0,"w":209,"h":23},"sourceSize":{"w":209,"h":23}},"bg1":{"frame":{"x":806,"y":0,"w":157,"h":480},"rotated":false,"trimmed":false,"spriteSourceSize":{"x":0,"y":0,"w":157,"h":480},"sourceSize":{"w":157,"h":480}},"bg1-part4":{"frame":{"x":597,"y":0,"w":208,"h":255},"rotated":false,"trimmed":false,"spriteSourceSize":{"x":0,"y":0,"w":208,"h":255},"sourceSize":{"w":208,"h":255}},"bg2":{"frame":{"x":964,"y":0,"w":157,"h":480},"rotated":false,"trimmed":false,"spriteSourceSize":{"x":0,"y":0,"w":157,"h":480},"sourceSize":{"w":157,"h":480}},"koral7":{"frame":{"x":856,"y":1134,"w":81,"h":59},"rotated":false,"trimmed":false,"spriteSourceSize":{"x":0,"y":0,"w":81,"h":59},"sourceSize":{"w":81,"h":59}},"rock3":{"frame":{"x":218,"y":598,"w":163,"h":36},"rotated":false,"trimmed":false,"spriteSourceSize":{"x":0,"y":0,"w":163,"h":36},"sourceSize":{"w":163,"h":36}},"koral2":{"frame":{"x":1044,"y":1039,"w":62,"h":68},"rotated":false,"trimmed":false,"spriteSourceSize":{"x":0,"y":0,"w":62,"h":68},"sourceSize":{"w":62,"h":68}},"plus":{"frame":{"x":988,"y":1134,"w":48,"h":48},"rotated":false,"trimmed":false,"spriteSourceSize":{"x":0,"y":0,"w":48,"h":48},"sourceSize":{"w":48,"h":48}},"koral5":{"frame":{"x":0,"y":1265,"w":146,"h":141},"rotated":false,"trimmed":false,"spriteSourceSize":{"x":0,"y":0,"w":146,"h":141},"sourceSize":{"w":146,"h":141}},"koral10":{"frame":{"x":1280,"y":750,"w":93,"h":109},"rotated":false,"trimmed":false,"spriteSourceSize":{"x":0,"y":0,"w":93,"h":109},"sourceSize":{"w":93,"h":109}},"stinky1":{"frame":{"x":597,"y":256,"w":162,"h":109},"rotated":false,"trimmed":false,"spriteSourceSize":{"x":0,"y":0,"w":162,"h":109},"sourceSize":{"w":162,"h":109}},"ziara-cezjas":{"frame":{"x":0,"y":384,"w":217,"h":268},"rotated":false,"trimmed":false,"spriteSourceSize":{"x":0,"y":0,"w":217,"h":268},"sourceSize":{"w":217,"h":268}},"banner4":{"frame":{"x":282,"y":1216,"w":40,"h":36},"rotated":false,"trimmed":false,"spriteSourceSize":{"x":0,"y":0,"w":40,"h":36},"sourceSize":{"w":40,"h":36}},"koral11":{"frame":{"x":1280,"y":626,"w":118,"h":123},"rotated":false,"trimmed":false,"spriteSourceSize":{"x":0,"y":0,"w":118,"h":123},"sourceSize":{"w":118,"h":123}},"fg-bottom4":{"frame":{"x":632,"y":653,"w":157,"h":192},"rotated":false,"trimmed":false,"spriteSourceSize":{"x":0,"y":0,"w":157,"h":192},"sourceSize":{"w":157,"h":192}},"fg-bottom5":{"frame":{"x":632,"y":846,"w":157,"h":192},"rotated":false,"trimmed":false,"spriteSourceSize":{"x":0,"y":0,"w":157,"h":192},"sourceSize":{"w":157,"h":192}},"fg-bottom3":{"frame":{"x":790,"y":846,"w":157,"h":192},"rotated":false,"trimmed":false,"spriteSourceSize":{"x":0,"y":0,"w":157,"h":192},"sourceSize":{"w":157,"h":192}},"bg4":{"frame":{"x":0,"y":653,"w":157,"h":480},"rotated":false,"trimmed":false,"spriteSourceSize":{"x":0,"y":0,"w":157,"h":480},"sourceSize":{"w":157,"h":480}},"puff-1":{"frame":{"x":285,"y":1265,"w":116,"h":70},"rotated":false,"trimmed":false,"spriteSourceSize":{"x":0,"y":0,"w":116,"h":70},"sourceSize":{"w":116,"h":70}},"bg5":{"frame":{"x":158,"y":653,"w":157,"h":480},"rotated":false,"trimmed":false,"spriteSourceSize":{"x":0,"y":0,"w":157,"h":480},"sourceSize":{"w":157,"h":480}},"rock2":{"frame":{"x":373,"y":319,"w":161,"h":64},"rotated":false,"trimmed":false,"spriteSourceSize":{"x":0,"y":0,"w":161,"h":64},"sourceSize":{"w":161,"h":64}},"rock1":{"frame":{"x":597,"y":366,"w":161,"h":64},"rotated":false,"trimmed":false,"spriteSourceSize":{"x":0,"y":0,"w":161,"h":64},"sourceSize":{"w":161,"h":64}},"puff-3":{"frame":{"x":1280,"y":0,"w":123,"h":132},"rotated":false,"trimmed":false,"spriteSourceSize":{"x":0,"y":0,"w":123,"h":132},"sourceSize":{"w":123,"h":132}},"stinky2":{"frame":{"x":408,"y":468,"w":166,"h":118},"rotated":false,"trimmed":false,"spriteSourceSize":{"x":0,"y":0,"w":166,"h":118},"sourceSize":{"w":166,"h":118}},"fg-top4":{"frame":{"x":948,"y":846,"w":157,"h":192},"rotated":false,"trimmed":false,"spriteSourceSize":{"x":0,"y":0,"w":157,"h":192},"sourceSize":{"w":157,"h":192}},"bg6":{"frame":{"x":316,"y":653,"w":157,"h":480},"rotated":false,"trimmed":false,"spriteSourceSize":{"x":0,"y":0,"w":157,"h":480},"sourceSize":{"w":157,"h":480}},"bg3":{"frame":{"x":474,"y":653,"w":157,"h":480},"rotated":false,"trimmed":false,"spriteSourceSize":{"x":0,"y":0,"w":157,"h":480},"sourceSize":{"w":157,"h":480}},"shark_blood":{"frame":{"x":0,"y":0,"w":372,"h":137},"rotated":false,"trimmed":false,"spriteSourceSize":{"x":0,"y":0,"w":372,"h":137},"sourceSize":{"w":372,"h":137}},"fish7-1":{"frame":{"x":147,"y":1265,"w":137,"h":78},"rotated":false,"trimmed":false,"spriteSourceSize":{"x":0,"y":0,"w":137,"h":78},"sourceSize":{"w":137,"h":78}},"blood":{"frame":{"x":632,"y":1039,"w":87,"h":80},"rotated":false,"trimmed":false,"spriteSourceSize":{"x":0,"y":0,"w":87,"h":80},"sourceSize":{"w":87,"h":80}},"fg-top1":{"frame":{"x":790,"y":653,"w":157,"h":192},"rotated":false,"trimmed":false,"spriteSourceSize":{"x":0,"y":0,"w":157,"h":192},"sourceSize":{"w":157,"h":192}},"fg-bottom1":{"frame":{"x":948,"y":653,"w":157,"h":192},"rotated":false,"trimmed":false,"spriteSourceSize":{"x":0,"y":0,"w":157,"h":192},"sourceSize":{"w":157,"h":192}},"fg-bottom2":{"frame":{"x":597,"y":431,"w":157,"h":192},"rotated":false,"trimmed":false,"spriteSourceSize":{"x":0,"y":0,"w":157,"h":192},"sourceSize":{"w":157,"h":192}},"fish2-1":{"frame":{"x":402,"y":1265,"w":94,"h":58},"rotated":false,"trimmed":false,"spriteSourceSize":{"x":0,"y":0,"w":94,"h":58},"sourceSize":{"w":94,"h":58}},"fish1-2":{"frame":{"x":741,"y":1265,"w":35,"h":33},"rotated":false,"trimmed":false,"spriteSourceSize":{"x":0,"y":0,"w":35,"h":33},"sourceSize":{"w":35,"h":33}},"fg-top2":{"frame":{"x":1122,"y":0,"w":157,"h":192},"rotated":false,"trimmed":false,"spriteSourceSize":{"x":0,"y":0,"w":157,"h":192},"sourceSize":{"w":157,"h":192}},"bubble2":{"frame":{"x":252,"y":334,"w":44,"h":44},"rotated":false,"trimmed":false,"spriteSourceSize":{"x":0,"y":0,"w":44,"h":44},"sourceSize":{"w":44,"h":44}},"fg-top3":{"frame":{"x":1122,"y":193,"w":157,"h":192},"rotated":false,"trimmed":false,"spriteSourceSize":{"x":0,"y":0,"w":157,"h":192},"sourceSize":{"w":157,"h":192}},"fg-top5":{"frame":{"x":1122,"y":386,"w":157,"h":192},"rotated":false,"trimmed":false,"spriteSourceSize":{"x":0,"y":0,"w":157,"h":192},"sourceSize":{"w":157,"h":192}},"fg-top6":{"frame":{"x":1122,"y":579,"w":157,"h":192},"rotated":false,"trimmed":false,"spriteSourceSize":{"x":0,"y":0,"w":157,"h":192},"sourceSize":{"w":157,"h":192}},"fish3-1":{"frame":{"x":597,"y":1134,"w":91,"h":63},"rotated":false,"trimmed":false,"spriteSourceSize":{"x":0,"y":0,"w":91,"h":63},"sourceSize":{"w":91,"h":63}},"fish2-2":{"frame":{"x":1037,"y":1134,"w":47,"h":39},"rotated":false,"trimmed":false,"spriteSourceSize":{"x":0,"y":0,"w":47,"h":39},"sourceSize":{"w":47,"h":39}},"fish3-2":{"frame":{"x":1085,"y":1134,"w":38,"h":37},"rotated":false,"trimmed":false,"spriteSourceSize":{"x":0,"y":0,"w":38,"h":37},"sourceSize":{"w":38,"h":37}},"fish5-2":{"frame":{"x":1124,"y":1134,"w":33,"h":37},"rotated":false,"trimmed":false,"spriteSourceSize":{"x":0,"y":0,"w":33,"h":37},"sourceSize":{"w":33,"h":37}},"fish6-2":{"frame":{"x":642,"y":1265,"w":53,"h":38},"rotated":false,"trimmed":false,"spriteSourceSize":{"x":0,"y":0,"w":53,"h":38},"sourceSize":{"w":53,"h":38}},"fish7-2":{"frame":{"x":587,"y":1265,"w":54,"h":56},"rotated":false,"trimmed":false,"spriteSourceSize":{"x":0,"y":0,"w":54,"h":56},"sourceSize":{"w":54,"h":56}},"fish5-1":{"frame":{"x":1122,"y":1034,"w":94,"h":96},"rotated":false,"trimmed":false,"spriteSourceSize":{"x":0,"y":0,"w":94,"h":96},"sourceSize":{"w":94,"h":96}},"fish6-1":{"frame":{"x":409,"y":1134,"w":95,"h":78},"rotated":false,"trimmed":false,"spriteSourceSize":{"x":0,"y":0,"w":95,"h":78},"sourceSize":{"w":95,"h":78}},"fish8-2":{"frame":{"x":535,"y":319,"w":31,"h":50},"rotated":false,"trimmed":false,"spriteSourceSize":{"x":0,"y":0,"w":31,"h":50},"sourceSize":{"w":31,"h":50}},"fishes_bg":{"frame":{"x":806,"y":481,"w":152,"h":116},"rotated":false,"trimmed":false,"spriteSourceSize":{"x":0,"y":0,"w":152,"h":116},"sourceSize":{"w":152,"h":116}},"fishes_bg2":{"frame":{"x":964,"y":481,"w":152,"h":116},"rotated":false,"trimmed":false,"spriteSourceSize":{"x":0,"y":0,"w":152,"h":116},"sourceSize":{"w":152,"h":116}},"fish4-2":{"frame":{"x":297,"y":334,"w":37,"h":38},"rotated":false,"trimmed":false,"spriteSourceSize":{"x":0,"y":0,"w":37,"h":38},"sourceSize":{"w":37,"h":38}},"druha-forma":{"frame":{"x":147,"y":1364,"w":82,"h":28},"rotated":false,"trimmed":false,"spriteSourceSize":{"x":0,"y":0,"w":82,"h":28},"sourceSize":{"w":82,"h":28}},"fish1-1":{"frame":{"x":689,"y":1134,"w":84,"h":62},"rotated":false,"trimmed":false,"spriteSourceSize":{"x":0,"y":0,"w":84,"h":62},"sourceSize":{"w":84,"h":62}},"fish4-1":{"frame":{"x":505,"y":1134,"w":91,"h":66},"rotated":false,"trimmed":false,"spriteSourceSize":{"x":0,"y":0,"w":91,"h":66},"sourceSize":{"w":91,"h":66}},"help-fish-1":{"frame":{"x":282,"y":1134,"w":126,"h":81},"rotated":false,"trimmed":false,"spriteSourceSize":{"x":0,"y":0,"w":126,"h":81},"sourceSize":{"w":126,"h":81}},"fish8-1":{"frame":{"x":1280,"y":1270,"w":73,"h":100},"rotated":false,"trimmed":false,"spriteSourceSize":{"x":0,"y":0,"w":73,"h":100},"sourceSize":{"w":73,"h":100}},"bubble1":{"frame":{"x":938,"y":1134,"w":49,"h":49},"rotated":false,"trimmed":false,"spriteSourceSize":{"x":0,"y":0,"w":49,"h":49},"sourceSize":{"w":49,"h":49}},"help-fish-2":{"frame":{"x":1217,"y":1034,"w":51,"h":69},"rotated":false,"trimmed":false,"spriteSourceSize":{"x":0,"y":0,"w":51,"h":69},"sourceSize":{"w":51,"h":69}},"fishes_bg0":{"frame":{"x":147,"y":1393,"w":33,"h":12},"rotated":false,"trimmed":false,"spriteSourceSize":{"x":0,"y":0,"w":33,"h":12},"sourceSize":{"w":33,"h":12}},"fishes_bg1":{"frame":{"x":181,"y":1393,"w":33,"h":12},"rotated":false,"trimmed":false,"spriteSourceSize":{"x":0,"y":0,"w":33,"h":12},"sourceSize":{"w":33,"h":12}},"health-bar":{"frame":{"x":218,"y":449,"w":201,"h":18},"rotated":false,"trimmed":false,"spriteSourceSize":{"x":0,"y":0,"w":201,"h":18},"sourceSize":{"w":201,"h":18}},"check":{"frame":{"x":1122,"y":903,"w":149,"h":130},"rotated":false,"trimmed":false,"spriteSourceSize":{"x":0,"y":0,"w":149,"h":130},"sourceSize":{"w":149,"h":130}},"check-1":{"frame":{"x":1404,"y":194,"w":67,"h":228},"rotated":false,"trimmed":false,"spriteSourceSize":{"x":0,"y":0,"w":67,"h":228},"sourceSize":{"w":67,"h":228}},"check1":{"frame":{"x":0,"y":1134,"w":149,"h":130},"rotated":false,"trimmed":false,"spriteSourceSize":{"x":0,"y":0,"w":149,"h":130},"sourceSize":{"w":149,"h":130}},"bub5":{"frame":{"x":1280,"y":990,"w":80,"h":117},"rotated":false,"trimmed":false,"spriteSourceSize":{"x":0,"y":0,"w":80,"h":117},"sourceSize":{"w":80,"h":117}},"bubble-boom3":{"frame":{"x":1280,"y":133,"w":122,"h":122},"rotated":false,"trimmed":false,"spriteSourceSize":{"x":0,"y":0,"w":122,"h":122},"sourceSize":{"w":122,"h":122}},"bubble-boom00":{"frame":{"x":1280,"y":256,"w":122,"h":122},"rotated":false,"trimmed":false,"spriteSourceSize":{"x":0,"y":0,"w":122,"h":122},"sourceSize":{"w":122,"h":122}},"bubble-boom2":{"frame":{"x":1280,"y":379,"w":122,"h":122},"rotated":false,"trimmed":false,"spriteSourceSize":{"x":0,"y":0,"w":122,"h":122},"sourceSize":{"w":122,"h":122}}},"meta":{"app":"https://www.leshylabs.com/apps/sstool/","version":"Leshy SpriteSheet Tool v0.8.4","image":"spritesheet7.png","size":{"w":1472,"h":1406},"scale":1}}