{
   "skeleton":{
      "width":401.58,
      "height":389.95,
      "fps":24,
      "hash":" ",
      "name":"Armature"
   },
   "bones":[
      {
         "name":"root"
      },
      {
         "length":134,
         "x":-67,
         "y":43,
         "rotation":-147.1368,
         "name":"3",
         "parent":"root"
      },
      {
         "length":82,
         "x":18,
         "y":5,
         "rotation":-11.853,
         "name":"2",
         "parent":"root"
      },
      {
         "x":16,
         "y":95,
         "name":"4",
         "parent":"root"
      },
      {
         "length":196,
         "x":163.7,
         "y":-95.15,
         "rotation":-168.6442,
         "name":"1a",
         "parent":"root"
      },
      {
         "length":59,
         "x":-84.5,
         "y":-124.1,
         "rotation":140.9462,
         "name":"2a",
         "parent":"root"
      },
      {
         "length":55,
         "x":80.65,
         "y":-153.05,
         "rotation":-109.2149,
         "name":"3a",
         "parent":"root"
      },
      {
         "x":158.25,
         "y":-61.8,
         "rotation":-45,
         "name":"4a",
         "parent":"root"
      }
   ],
   "slots":[
      {
         "name":"2",
         "bone":"2",
         "attachment":"2"
      },
      {
         "name":"1",
         "bone":"root",
         "attachment":"1"
      },
      {
         "name":"3",
         "bone":"3",
         "attachment":"3"
      },
      {
         "name":"4",
         "bone":"4",
         "attachment":"4"
      },
      {
         "name":"1a",
         "bone":"1a",
         "attachment":"1a"
      },
      {
         "name":"2a",
         "bone":"2a",
         "attachment":"2a"
      },
      {
         "name":"3a",
         "bone":"3a",
         "attachment":"3a"
      },
      {
         "name":"4a",
         "bone":"4a",
         "attachment":"4a"
      }
   ],
   "skins":{
      "default":{
         "1":{
            "1":{
               "name":"1",
               "width":318,
               "height":326,
               "x":24.5,
               "y":-0.5
            }
         },
         "2":{
            "2":{
               "name":"2",
               "width":133,
               "height":42,
               "x":35.46,
               "y":3.87,
               "rotation":11.85
            }
         },
         "3":{
            "3":{
               "name":"3",
               "width":160,
               "height":133,
               "x":55.47,
               "y":-9.05,
               "rotation":147.14
            }
         },
         "4":{
            "4":{
               "name":"4",
               "width":10,
               "height":8,
               "x":0.5,
               "y":0.5
            }
         },
         "1a":{
            "1a":{
               "name":"1a",
               "width":286,
               "height":166,
               "x":104.24,
               "y":-7.23,
               "rotation":168.64
            }
         },
         "2a":{
            "2a":{
               "name":"2a",
               "width":116,
               "height":138,
               "x":20.08,
               "y":8.02,
               "rotation":-143.95
            }
         },
         "3a":{
            "3a":{
               "name":"3a",
               "width":82,
               "height":112,
               "x":18.48,
               "y":2.88,
               "rotation":111.96
            }
         },
         "4a":{
            "4a":{
               "name":"4a",
               "width":3,
               "height":4,
               "x":0.02,
               "y":-0.41,
               "rotation":45
            }
         }
      }
   },
   "animations":{
      "animtion0":{
         "bones":{
            "2":{
               "translate":[
                  {
                     "time":0
                  },
                  {
                     "time":1.4167,
                     "x":-5,
                     "y":4
                  },
                  {
                     "time":2.5
                  }
               ]
            },
            "3":{
               "rotate":[
                  {
                     "time":0,
                     "angle":0
                  },
                  {
                     "time":1.25,
                     "angle":-10.3
                  },
                  {
                     "time":2.5,
                     "angle":0
                  }
               ]
            },
            "4":{
               "translate":[
                  {
                     "time":0
                  },
                  {
                     "time":1.25,
                     "y":-1.81
                  },
                  {
                     "time":2.5
                  }
               ]
            },
            "root":{
               "translate":[
                  {
                     "time":0
                  },
                  {
                     "time":1.25,
                     "y":8
                  },
                  {
                     "time":2.5
                  }
               ]
            },
            "2a":{
               "rotate":[
                  {
                     "time":0,
                     "angle":0
                  },
                  {
                     "time":1.25,
                     "angle":-7
                  },
                  {
                     "time":2.5,
                     "angle":0
                  }
               ]
            },
            "3a":{
               "rotate":[
                  {
                     "time":0,
                     "angle":0
                  },
                  {
                     "time":1.25,
                     "angle":-10
                  },
                  {
                     "time":2.5,
                     "angle":0
                  }
               ]
            },
            "4a":{
               "translate":[
                  {
                     "time":0
                  },
                  {
                     "time":1.25,
                     "x":-1.6,
                     "y":0.73
                  },
                  {
                     "time":2.5
                  }
               ]
            }
         }
      }
   }
}